{"cameraMode":{"drawMode":0,"name":"Shaded","section":"Shading Mode"},"sceneLighting":false,"audioPlay":false,"sceneViewState":{"showFog":true,"showMaterialUpdate":false,"showSkybox":true,"showFlares":true,"showImageEffects":true,"showParticleSystems":true,"showVisualEffectGraphs":true,"m_FxEnabled":true},"in2DMode":false,"pivot":{"x":0.7660483121871948,"y":1.3833515644073487,"z":-0.8096279501914978},"rotation":{"x":-0.4641692340373993,"y":-0.09955420345067978,"z":0.057881250977516177,"w":-0.8791276216506958},"size":2.563171625137329,"orthographic":false}